{
  "schemaVersion": 1,
  "id": "whiterise_adminpanel",
  "version": "2.71",
  "name": "WhiteRise Admin Panel 1.20.1 Fabric",
  "description": "Админ-панель для модерации сервера WhiteRise",
  "authors": ["clownuxk"],
  "contact": {
    "discord": "ustonki"
  },
  "environment": "client",
  "entrypoints": {
    "client": [
      "com.whiterise.adminpanel.AdminPanelClient"
    ]
  },
  "mixins": [
    "whiterise_adminpanel.mixins.json"
  ],
  "depends": {
    "fabricloader": ">=0.14.0",
    "minecraft": "1.20.1",
    "fabric-api": "*"
  }
}
