{
    "vertex": "whiterise_adminpanel:core/rectangle",
    "fragment": "whiterise_adminpanel:core/rectangle",
    "samplers": [],
    "uniforms": [
        { "name": "ModelViewMat", "type": "matrix4x4", "count": 16, "values": [ 1.0, 0.0, 0.0, 0.0, 0.0, 1.0, 0.0, 0.0, 0.0, 0.0, 1.0, 0.0, 0.0, 0.0, 0.0, 1.0 ] },
        { "name": "ProjMat", "type": "matrix4x4", "count": 16, "values": [ 1.0, 0.0, 0.0, 0.0, 0.0, 1.0, 0.0, 0.0, 0.0, 0.0, 1.0, 0.0, 0.0, 0.0, 0.0, 1.0 ] },
        { "name": "Size", "type": "float", "count": 2, "values": [ 0.0, 0.0 ] },
        { "name": "Radius", "type": "float", "count": 4, "values": [ 0.0, 0.0, 0.0, 0.0 ] },
        { "name": "Smoothness", "type": "float", "count": 1, "values": [ 1.0 ] }
    ]
}