{
  "schemaVersion": 1,
  "id": "whiterise_adminpanel",
  "version": "2.72-1.21.4",
  "name": "WhiteRise Admin Panel",
  "description": "Админ-панель для модерации сервера WhiteRise (Optimized for 1.21.4)",
  "authors": ["clownuxk"],
  "contact": {
    "discord": "ustonki"
  },
  "environment": "client",
  "entrypoints": {
    "client": [
      "com.whiterise.adminpanel.AdminPanelClient"
    ]
  },
  "mixins": [
    "whiterise_adminpanel.mixins.json"
  ],
  "depends": {
    "fabricloader": ">=0.16.0",
    "minecraft": "~1.21.4",
    "java": ">=21",
    "fabric-api": "*"
  }
}
